Campaign,Ad group,Ad type,Final URL,Path 1,Path 2,Headline 1,Headline 2,Headline 3,Headline 4,Headline 5,Headline 6,Headline 7,Headline 8,Headline 9,Headline 10,Headline 11,Headline 12,Description 1,Description 2,Description 3,Description 4
SEARCH | Carmel IN | Appliance Repair,Appliance Repair,Responsive search ad,https://alex-repair.com/carmel.html,carmel,appliance-repair,Carmel Appliance Repair,Same-Day Appliance Repair,Call (463) 248-8429,Service Call $89,Waived With Repair,12-Month Warranty,Book Online Today,Fast Local Technicians,Carmel IN Service,Major Brands Serviced,Schedule Repair Today,Appliance Repair Near Me,"Same-day appliance repair in Carmel, IN. Call or book online today.",Service call is $89 and waived with completed repair. 12-month warranty.,Local appliance repair for major brands. Fast scheduling and upfront pricing.,"Washer, dryer, dishwasher, fridge, stove, oven, microwave and freezer repair."
SEARCH | Carmel IN | Appliance Repair,Refrigerator Repair,Responsive search ad,https://alex-repair.com/carmel/refrigerator-repair-services.html,carmel,refrigerator-repair,Fridge Repair Carmel,Same-Day Refrigerator Repair,Call (463) 248-8429,Service Call $89,Waived With Repair,12-Month Warranty,Book Online Today,Fast Local Technicians,Carmel IN Service,Major Brands Serviced,Schedule Repair Today,Refrigerator Repair Near Me,"Same-day refrigerator repair in Carmel, IN. Call or book online today.",Service call is $89 and waived with completed repair. 12-month warranty.,Local appliance repair for major brands. Fast scheduling and upfront pricing.,Get refrigerator repair from a local Indiana appliance repair team.
SEARCH | Carmel IN | Appliance Repair,Washer Repair,Responsive search ad,https://alex-repair.com/carmel/washer-repair-services.html,carmel,washer-repair,Washer Repair Carmel,Same-Day Washer Repair,Call (463) 248-8429,Service Call $89,Waived With Repair,12-Month Warranty,Book Online Today,Fast Local Technicians,Carmel IN Service,Major Brands Serviced,Schedule Repair Today,Washer Repair Near Me,"Same-day washer repair in Carmel, IN. Call or book online today.",Service call is $89 and waived with completed repair. 12-month warranty.,Local appliance repair for major brands. Fast scheduling and upfront pricing.,Get washer repair from a local Indiana appliance repair team.
SEARCH | Carmel IN | Appliance Repair,Dryer Repair,Responsive search ad,https://alex-repair.com/carmel/dryer-repair-services.html,carmel,dryer-repair,Dryer Repair Carmel,Same-Day Dryer Repair,Call (463) 248-8429,Service Call $89,Waived With Repair,12-Month Warranty,Book Online Today,Fast Local Technicians,Carmel IN Service,Major Brands Serviced,Schedule Repair Today,Dryer Repair Near Me,"Same-day dryer repair in Carmel, IN. Call or book online today.",Service call is $89 and waived with completed repair. 12-month warranty.,Local appliance repair for major brands. Fast scheduling and upfront pricing.,Get dryer repair from a local Indiana appliance repair team.
SEARCH | Carmel IN | Appliance Repair,Dishwasher Repair,Responsive search ad,https://alex-repair.com/carmel/dishwasher-repair-services.html,carmel,dishwasher-repair,Dishwasher Repair Carmel,Same-Day Dishwasher Repair,Call (463) 248-8429,Service Call $89,Waived With Repair,12-Month Warranty,Book Online Today,Fast Local Technicians,Carmel IN Service,Major Brands Serviced,Schedule Repair Today,Dishwasher Repair Near Me,"Same-day dishwasher repair in Carmel, IN. Call or book online today.",Service call is $89 and waived with completed repair. 12-month warranty.,Local appliance repair for major brands. Fast scheduling and upfront pricing.,Get dishwasher repair from a local Indiana appliance repair team.
SEARCH | Carmel IN | Appliance Repair,Stove Oven Repair,Responsive search ad,https://alex-repair.com/carmel/stove-repair-services.html,carmel,stove-repair,Stove Oven Repair Carmel,Same-Day Stove Oven Repair,Call (463) 248-8429,Service Call $89,Waived With Repair,12-Month Warranty,Book Online Today,Fast Local Technicians,Carmel IN Service,Major Brands Serviced,Schedule Repair Today,Stove Oven Repair Near Me,"Same-day stove oven repair in Carmel, IN. Call or book online today.",Service call is $89 and waived with completed repair. 12-month warranty.,Local appliance repair for major brands. Fast scheduling and upfront pricing.,Get stove oven repair from a local Indiana appliance repair team.
SEARCH | Carmel IN | Appliance Repair,Cooktop Repair,Responsive search ad,https://alex-repair.com/carmel/cooktop-repair-services.html,carmel,cooktop-repair,Cooktop Repair Carmel,Same-Day Cooktop Repair,Call (463) 248-8429,Service Call $89,Waived With Repair,12-Month Warranty,Book Online Today,Fast Local Technicians,Carmel IN Service,Major Brands Serviced,Schedule Repair Today,Cooktop Repair Near Me,"Same-day cooktop repair in Carmel, IN. Call or book online today.",Service call is $89 and waived with completed repair. 12-month warranty.,Local appliance repair for major brands. Fast scheduling and upfront pricing.,Get cooktop repair from a local Indiana appliance repair team.
SEARCH | Carmel IN | Appliance Repair,Microwave Repair,Responsive search ad,https://alex-repair.com/carmel/microwave-repair-services.html,carmel,microwave-repair,Microwave Repair Carmel,Same-Day Microwave Repair,Call (463) 248-8429,Service Call $89,Waived With Repair,12-Month Warranty,Book Online Today,Fast Local Technicians,Carmel IN Service,Major Brands Serviced,Schedule Repair Today,Microwave Repair Near Me,"Same-day microwave repair in Carmel, IN. Call or book online today.",Service call is $89 and waived with completed repair. 12-month warranty.,Local appliance repair for major brands. Fast scheduling and upfront pricing.,Get microwave repair from a local Indiana appliance repair team.
SEARCH | Carmel IN | Appliance Repair,Freezer Repair,Responsive search ad,https://alex-repair.com/carmel/freezer-repair-services.html,carmel,freezer-repair,Freezer Repair Carmel,Same-Day Freezer Repair,Call (463) 248-8429,Service Call $89,Waived With Repair,12-Month Warranty,Book Online Today,Fast Local Technicians,Carmel IN Service,Major Brands Serviced,Schedule Repair Today,Freezer Repair Near Me,"Same-day freezer repair in Carmel, IN. Call or book online today.",Service call is $89 and waived with completed repair. 12-month warranty.,Local appliance repair for major brands. Fast scheduling and upfront pricing.,Get freezer repair from a local Indiana appliance repair team.
SEARCH | Fishers IN | Appliance Repair,Appliance Repair,Responsive search ad,https://alex-repair.com/fishers.html,fishers,appliance-repair,Fishers Appliance Repair,Same-Day Appliance Repair,Call (463) 248-8429,Service Call $89,Waived With Repair,12-Month Warranty,Book Online Today,Fast Local Technicians,Fishers IN Service,Major Brands Serviced,Schedule Repair Today,Appliance Repair Near Me,"Same-day appliance repair in Fishers, IN. Call or book online today.",Service call is $89 and waived with completed repair. 12-month warranty.,Local appliance repair for major brands. Fast scheduling and upfront pricing.,"Washer, dryer, dishwasher, fridge, stove, oven, microwave and freezer repair."
SEARCH | Fishers IN | Appliance Repair,Refrigerator Repair,Responsive search ad,https://alex-repair.com/fishers/refrigerator-repair-services.html,fishers,refrigerator-repair,Fridge Repair Fishers,Same-Day Refrigerator Repair,Call (463) 248-8429,Service Call $89,Waived With Repair,12-Month Warranty,Book Online Today,Fast Local Technicians,Fishers IN Service,Major Brands Serviced,Schedule Repair Today,Refrigerator Repair Near Me,"Same-day refrigerator repair in Fishers, IN. Call or book online today.",Service call is $89 and waived with completed repair. 12-month warranty.,Local appliance repair for major brands. Fast scheduling and upfront pricing.,Get refrigerator repair from a local Indiana appliance repair team.
SEARCH | Fishers IN | Appliance Repair,Washer Repair,Responsive search ad,https://alex-repair.com/fishers/washer-repair-services.html,fishers,washer-repair,Washer Repair Fishers,Same-Day Washer Repair,Call (463) 248-8429,Service Call $89,Waived With Repair,12-Month Warranty,Book Online Today,Fast Local Technicians,Fishers IN Service,Major Brands Serviced,Schedule Repair Today,Washer Repair Near Me,"Same-day washer repair in Fishers, IN. Call or book online today.",Service call is $89 and waived with completed repair. 12-month warranty.,Local appliance repair for major brands. Fast scheduling and upfront pricing.,Get washer repair from a local Indiana appliance repair team.
SEARCH | Fishers IN | Appliance Repair,Dryer Repair,Responsive search ad,https://alex-repair.com/fishers/dryer-repair-services.html,fishers,dryer-repair,Dryer Repair Fishers,Same-Day Dryer Repair,Call (463) 248-8429,Service Call $89,Waived With Repair,12-Month Warranty,Book Online Today,Fast Local Technicians,Fishers IN Service,Major Brands Serviced,Schedule Repair Today,Dryer Repair Near Me,"Same-day dryer repair in Fishers, IN. Call or book online today.",Service call is $89 and waived with completed repair. 12-month warranty.,Local appliance repair for major brands. Fast scheduling and upfront pricing.,Get dryer repair from a local Indiana appliance repair team.
SEARCH | Fishers IN | Appliance Repair,Dishwasher Repair,Responsive search ad,https://alex-repair.com/fishers/dishwasher-repair-services.html,fishers,dishwasher-repair,Dishwasher Repair Fishers,Same-Day Dishwasher Repair,Call (463) 248-8429,Service Call $89,Waived With Repair,12-Month Warranty,Book Online Today,Fast Local Technicians,Fishers IN Service,Major Brands Serviced,Schedule Repair Today,Dishwasher Repair Near Me,"Same-day dishwasher repair in Fishers, IN. Call or book online today.",Service call is $89 and waived with completed repair. 12-month warranty.,Local appliance repair for major brands. Fast scheduling and upfront pricing.,Get dishwasher repair from a local Indiana appliance repair team.
SEARCH | Fishers IN | Appliance Repair,Stove Oven Repair,Responsive search ad,https://alex-repair.com/fishers/stove-repair-services.html,fishers,stove-repair,Stove Oven Repair Fishers,Same-Day Stove Oven Repair,Call (463) 248-8429,Service Call $89,Waived With Repair,12-Month Warranty,Book Online Today,Fast Local Technicians,Fishers IN Service,Major Brands Serviced,Schedule Repair Today,Stove Oven Repair Near Me,"Same-day stove oven repair in Fishers, IN. Call or book online today.",Service call is $89 and waived with completed repair. 12-month warranty.,Local appliance repair for major brands. Fast scheduling and upfront pricing.,Get stove oven repair from a local Indiana appliance repair team.
SEARCH | Fishers IN | Appliance Repair,Cooktop Repair,Responsive search ad,https://alex-repair.com/fishers/cooktop-repair-services.html,fishers,cooktop-repair,Cooktop Repair Fishers,Same-Day Cooktop Repair,Call (463) 248-8429,Service Call $89,Waived With Repair,12-Month Warranty,Book Online Today,Fast Local Technicians,Fishers IN Service,Major Brands Serviced,Schedule Repair Today,Cooktop Repair Near Me,"Same-day cooktop repair in Fishers, IN. Call or book online today.",Service call is $89 and waived with completed repair. 12-month warranty.,Local appliance repair for major brands. Fast scheduling and upfront pricing.,Get cooktop repair from a local Indiana appliance repair team.
SEARCH | Fishers IN | Appliance Repair,Microwave Repair,Responsive search ad,https://alex-repair.com/fishers/microwave-repair-services.html,fishers,microwave-repair,Microwave Repair Fishers,Same-Day Microwave Repair,Call (463) 248-8429,Service Call $89,Waived With Repair,12-Month Warranty,Book Online Today,Fast Local Technicians,Fishers IN Service,Major Brands Serviced,Schedule Repair Today,Microwave Repair Near Me,"Same-day microwave repair in Fishers, IN. Call or book online today.",Service call is $89 and waived with completed repair. 12-month warranty.,Local appliance repair for major brands. Fast scheduling and upfront pricing.,Get microwave repair from a local Indiana appliance repair team.
SEARCH | Fishers IN | Appliance Repair,Freezer Repair,Responsive search ad,https://alex-repair.com/fishers/freezer-repair-services.html,fishers,freezer-repair,Freezer Repair Fishers,Same-Day Freezer Repair,Call (463) 248-8429,Service Call $89,Waived With Repair,12-Month Warranty,Book Online Today,Fast Local Technicians,Fishers IN Service,Major Brands Serviced,Schedule Repair Today,Freezer Repair Near Me,"Same-day freezer repair in Fishers, IN. Call or book online today.",Service call is $89 and waived with completed repair. 12-month warranty.,Local appliance repair for major brands. Fast scheduling and upfront pricing.,Get freezer repair from a local Indiana appliance repair team.
SEARCH | Noblesville IN | Appliance Repair,Appliance Repair,Responsive search ad,https://alex-repair.com/noblesville.html,noblesville,appliance-repair,Noblesville Appliance Repair,Same-Day Appliance Repair,Call (463) 248-8429,Service Call $89,Waived With Repair,12-Month Warranty,Book Online Today,Fast Local Technicians,Noblesville IN Service,Major Brands Serviced,Schedule Repair Today,Appliance Repair Near Me,"Same-day appliance repair in Noblesville, IN. Call or book online today.",Service call is $89 and waived with completed repair. 12-month warranty.,Local appliance repair for major brands. Fast scheduling and upfront pricing.,"Washer, dryer, dishwasher, fridge, stove, oven, microwave and freezer repair."
SEARCH | Noblesville IN | Appliance Repair,Refrigerator Repair,Responsive search ad,https://alex-repair.com/noblesville/refrigerator-repair-services.html,noblesville,refrigerator-repair,Fridge Repair Noblesville,Same-Day Refrigerator Repair,Call (463) 248-8429,Service Call $89,Waived With Repair,12-Month Warranty,Book Online Today,Fast Local Technicians,Noblesville IN Service,Major Brands Serviced,Schedule Repair Today,Refrigerator Repair Near Me,"Same-day refrigerator repair in Noblesville, IN. Call or book online today.",Service call is $89 and waived with completed repair. 12-month warranty.,Local appliance repair for major brands. Fast scheduling and upfront pricing.,Get refrigerator repair from a local Indiana appliance repair team.
SEARCH | Noblesville IN | Appliance Repair,Washer Repair,Responsive search ad,https://alex-repair.com/noblesville/washer-repair-services.html,noblesville,washer-repair,Washer Repair Noblesville,Same-Day Washer Repair,Call (463) 248-8429,Service Call $89,Waived With Repair,12-Month Warranty,Book Online Today,Fast Local Technicians,Noblesville IN Service,Major Brands Serviced,Schedule Repair Today,Washer Repair Near Me,"Same-day washer repair in Noblesville, IN. Call or book online today.",Service call is $89 and waived with completed repair. 12-month warranty.,Local appliance repair for major brands. Fast scheduling and upfront pricing.,Get washer repair from a local Indiana appliance repair team.
SEARCH | Noblesville IN | Appliance Repair,Dryer Repair,Responsive search ad,https://alex-repair.com/noblesville/dryer-repair-services.html,noblesville,dryer-repair,Dryer Repair Noblesville,Same-Day Dryer Repair,Call (463) 248-8429,Service Call $89,Waived With Repair,12-Month Warranty,Book Online Today,Fast Local Technicians,Noblesville IN Service,Major Brands Serviced,Schedule Repair Today,Dryer Repair Near Me,"Same-day dryer repair in Noblesville, IN. Call or book online today.",Service call is $89 and waived with completed repair. 12-month warranty.,Local appliance repair for major brands. Fast scheduling and upfront pricing.,Get dryer repair from a local Indiana appliance repair team.
SEARCH | Noblesville IN | Appliance Repair,Dishwasher Repair,Responsive search ad,https://alex-repair.com/noblesville/dishwasher-repair-services.html,noblesville,dishwasher-repair,Dishwasher Repair Noblesville,Same-Day Dishwasher Repair,Call (463) 248-8429,Service Call $89,Waived With Repair,12-Month Warranty,Book Online Today,Fast Local Technicians,Noblesville IN Service,Major Brands Serviced,Schedule Repair Today,Dishwasher Repair Near Me,"Same-day dishwasher repair in Noblesville, IN. Call or book online today.",Service call is $89 and waived with completed repair. 12-month warranty.,Local appliance repair for major brands. Fast scheduling and upfront pricing.,Get dishwasher repair from a local Indiana appliance repair team.
SEARCH | Noblesville IN | Appliance Repair,Stove Oven Repair,Responsive search ad,https://alex-repair.com/noblesville/stove-repair-services.html,noblesville,stove-repair,Stove Oven Repair Noblesville,Same-Day Stove Oven Repair,Call (463) 248-8429,Service Call $89,Waived With Repair,12-Month Warranty,Book Online Today,Fast Local Technicians,Noblesville IN Service,Major Brands Serviced,Schedule Repair Today,Stove Oven Repair Near Me,"Same-day stove oven repair in Noblesville, IN. Call or book online today.",Service call is $89 and waived with completed repair. 12-month warranty.,Local appliance repair for major brands. Fast scheduling and upfront pricing.,Get stove oven repair from a local Indiana appliance repair team.
SEARCH | Noblesville IN | Appliance Repair,Cooktop Repair,Responsive search ad,https://alex-repair.com/noblesville/cooktop-repair-services.html,noblesville,cooktop-repair,Cooktop Repair Noblesville,Same-Day Cooktop Repair,Call (463) 248-8429,Service Call $89,Waived With Repair,12-Month Warranty,Book Online Today,Fast Local Technicians,Noblesville IN Service,Major Brands Serviced,Schedule Repair Today,Cooktop Repair Near Me,"Same-day cooktop repair in Noblesville, IN. Call or book online today.",Service call is $89 and waived with completed repair. 12-month warranty.,Local appliance repair for major brands. Fast scheduling and upfront pricing.,Get cooktop repair from a local Indiana appliance repair team.
SEARCH | Noblesville IN | Appliance Repair,Microwave Repair,Responsive search ad,https://alex-repair.com/noblesville/microwave-repair-services.html,noblesville,microwave-repair,Microwave Repair Noblesville,Same-Day Microwave Repair,Call (463) 248-8429,Service Call $89,Waived With Repair,12-Month Warranty,Book Online Today,Fast Local Technicians,Noblesville IN Service,Major Brands Serviced,Schedule Repair Today,Microwave Repair Near Me,"Same-day microwave repair in Noblesville, IN. Call or book online today.",Service call is $89 and waived with completed repair. 12-month warranty.,Local appliance repair for major brands. Fast scheduling and upfront pricing.,Get microwave repair from a local Indiana appliance repair team.
SEARCH | Noblesville IN | Appliance Repair,Freezer Repair,Responsive search ad,https://alex-repair.com/noblesville/freezer-repair-services.html,noblesville,freezer-repair,Freezer Repair Noblesville,Same-Day Freezer Repair,Call (463) 248-8429,Service Call $89,Waived With Repair,12-Month Warranty,Book Online Today,Fast Local Technicians,Noblesville IN Service,Major Brands Serviced,Schedule Repair Today,Freezer Repair Near Me,"Same-day freezer repair in Noblesville, IN. Call or book online today.",Service call is $89 and waived with completed repair. 12-month warranty.,Local appliance repair for major brands. Fast scheduling and upfront pricing.,Get freezer repair from a local Indiana appliance repair team.
SEARCH | Westfield IN | Appliance Repair,Appliance Repair,Responsive search ad,https://alex-repair.com/westfield.html,westfield,appliance-repair,Westfield Appliance Repair,Same-Day Appliance Repair,Call (463) 248-8429,Service Call $89,Waived With Repair,12-Month Warranty,Book Online Today,Fast Local Technicians,Westfield IN Service,Major Brands Serviced,Schedule Repair Today,Appliance Repair Near Me,"Same-day appliance repair in Westfield, IN. Call or book online today.",Service call is $89 and waived with completed repair. 12-month warranty.,Local appliance repair for major brands. Fast scheduling and upfront pricing.,"Washer, dryer, dishwasher, fridge, stove, oven, microwave and freezer repair."
SEARCH | Westfield IN | Appliance Repair,Refrigerator Repair,Responsive search ad,https://alex-repair.com/westfield/refrigerator-repair-services.html,westfield,refrigerator-repair,Fridge Repair Westfield,Same-Day Refrigerator Repair,Call (463) 248-8429,Service Call $89,Waived With Repair,12-Month Warranty,Book Online Today,Fast Local Technicians,Westfield IN Service,Major Brands Serviced,Schedule Repair Today,Refrigerator Repair Near Me,"Same-day refrigerator repair in Westfield, IN. Call or book online today.",Service call is $89 and waived with completed repair. 12-month warranty.,Local appliance repair for major brands. Fast scheduling and upfront pricing.,Get refrigerator repair from a local Indiana appliance repair team.
SEARCH | Westfield IN | Appliance Repair,Washer Repair,Responsive search ad,https://alex-repair.com/westfield/washer-repair-services.html,westfield,washer-repair,Washer Repair Westfield,Same-Day Washer Repair,Call (463) 248-8429,Service Call $89,Waived With Repair,12-Month Warranty,Book Online Today,Fast Local Technicians,Westfield IN Service,Major Brands Serviced,Schedule Repair Today,Washer Repair Near Me,"Same-day washer repair in Westfield, IN. Call or book online today.",Service call is $89 and waived with completed repair. 12-month warranty.,Local appliance repair for major brands. Fast scheduling and upfront pricing.,Get washer repair from a local Indiana appliance repair team.
SEARCH | Westfield IN | Appliance Repair,Dryer Repair,Responsive search ad,https://alex-repair.com/westfield/dryer-repair-services.html,westfield,dryer-repair,Dryer Repair Westfield,Same-Day Dryer Repair,Call (463) 248-8429,Service Call $89,Waived With Repair,12-Month Warranty,Book Online Today,Fast Local Technicians,Westfield IN Service,Major Brands Serviced,Schedule Repair Today,Dryer Repair Near Me,"Same-day dryer repair in Westfield, IN. Call or book online today.",Service call is $89 and waived with completed repair. 12-month warranty.,Local appliance repair for major brands. Fast scheduling and upfront pricing.,Get dryer repair from a local Indiana appliance repair team.
SEARCH | Westfield IN | Appliance Repair,Dishwasher Repair,Responsive search ad,https://alex-repair.com/westfield/dishwasher-repair-services.html,westfield,dishwasher-repair,Dishwasher Repair Westfield,Same-Day Dishwasher Repair,Call (463) 248-8429,Service Call $89,Waived With Repair,12-Month Warranty,Book Online Today,Fast Local Technicians,Westfield IN Service,Major Brands Serviced,Schedule Repair Today,Dishwasher Repair Near Me,"Same-day dishwasher repair in Westfield, IN. Call or book online today.",Service call is $89 and waived with completed repair. 12-month warranty.,Local appliance repair for major brands. Fast scheduling and upfront pricing.,Get dishwasher repair from a local Indiana appliance repair team.
SEARCH | Westfield IN | Appliance Repair,Stove Oven Repair,Responsive search ad,https://alex-repair.com/westfield/stove-repair-services.html,westfield,stove-repair,Stove Oven Repair Westfield,Same-Day Stove Oven Repair,Call (463) 248-8429,Service Call $89,Waived With Repair,12-Month Warranty,Book Online Today,Fast Local Technicians,Westfield IN Service,Major Brands Serviced,Schedule Repair Today,Stove Oven Repair Near Me,"Same-day stove oven repair in Westfield, IN. Call or book online today.",Service call is $89 and waived with completed repair. 12-month warranty.,Local appliance repair for major brands. Fast scheduling and upfront pricing.,Get stove oven repair from a local Indiana appliance repair team.
SEARCH | Westfield IN | Appliance Repair,Cooktop Repair,Responsive search ad,https://alex-repair.com/westfield/cooktop-repair-services.html,westfield,cooktop-repair,Cooktop Repair Westfield,Same-Day Cooktop Repair,Call (463) 248-8429,Service Call $89,Waived With Repair,12-Month Warranty,Book Online Today,Fast Local Technicians,Westfield IN Service,Major Brands Serviced,Schedule Repair Today,Cooktop Repair Near Me,"Same-day cooktop repair in Westfield, IN. Call or book online today.",Service call is $89 and waived with completed repair. 12-month warranty.,Local appliance repair for major brands. Fast scheduling and upfront pricing.,Get cooktop repair from a local Indiana appliance repair team.
SEARCH | Westfield IN | Appliance Repair,Microwave Repair,Responsive search ad,https://alex-repair.com/westfield/microwave-repair-services.html,westfield,microwave-repair,Microwave Repair Westfield,Same-Day Microwave Repair,Call (463) 248-8429,Service Call $89,Waived With Repair,12-Month Warranty,Book Online Today,Fast Local Technicians,Westfield IN Service,Major Brands Serviced,Schedule Repair Today,Microwave Repair Near Me,"Same-day microwave repair in Westfield, IN. Call or book online today.",Service call is $89 and waived with completed repair. 12-month warranty.,Local appliance repair for major brands. Fast scheduling and upfront pricing.,Get microwave repair from a local Indiana appliance repair team.
SEARCH | Westfield IN | Appliance Repair,Freezer Repair,Responsive search ad,https://alex-repair.com/westfield/freezer-repair-services.html,westfield,freezer-repair,Freezer Repair Westfield,Same-Day Freezer Repair,Call (463) 248-8429,Service Call $89,Waived With Repair,12-Month Warranty,Book Online Today,Fast Local Technicians,Westfield IN Service,Major Brands Serviced,Schedule Repair Today,Freezer Repair Near Me,"Same-day freezer repair in Westfield, IN. Call or book online today.",Service call is $89 and waived with completed repair. 12-month warranty.,Local appliance repair for major brands. Fast scheduling and upfront pricing.,Get freezer repair from a local Indiana appliance repair team.
SEARCH | Zionsville IN | Appliance Repair,Appliance Repair,Responsive search ad,https://alex-repair.com/zionsville.html,zionsville,appliance-repair,Zionsville Appliance Repair,Same-Day Appliance Repair,Call (463) 248-8429,Service Call $89,Waived With Repair,12-Month Warranty,Book Online Today,Fast Local Technicians,Zionsville IN Service,Major Brands Serviced,Schedule Repair Today,Appliance Repair Near Me,"Same-day appliance repair in Zionsville, IN. Call or book online today.",Service call is $89 and waived with completed repair. 12-month warranty.,Local appliance repair for major brands. Fast scheduling and upfront pricing.,"Washer, dryer, dishwasher, fridge, stove, oven, microwave and freezer repair."
SEARCH | Zionsville IN | Appliance Repair,Refrigerator Repair,Responsive search ad,https://alex-repair.com/zionsville/refrigerator-repair-services.html,zionsville,refrigerator-repair,Fridge Repair Zionsville,Same-Day Refrigerator Repair,Call (463) 248-8429,Service Call $89,Waived With Repair,12-Month Warranty,Book Online Today,Fast Local Technicians,Zionsville IN Service,Major Brands Serviced,Schedule Repair Today,Refrigerator Repair Near Me,"Same-day refrigerator repair in Zionsville, IN. Call or book online today.",Service call is $89 and waived with completed repair. 12-month warranty.,Local appliance repair for major brands. Fast scheduling and upfront pricing.,Get refrigerator repair from a local Indiana appliance repair team.
SEARCH | Zionsville IN | Appliance Repair,Washer Repair,Responsive search ad,https://alex-repair.com/zionsville/washer-repair-services.html,zionsville,washer-repair,Washer Repair Zionsville,Same-Day Washer Repair,Call (463) 248-8429,Service Call $89,Waived With Repair,12-Month Warranty,Book Online Today,Fast Local Technicians,Zionsville IN Service,Major Brands Serviced,Schedule Repair Today,Washer Repair Near Me,"Same-day washer repair in Zionsville, IN. Call or book online today.",Service call is $89 and waived with completed repair. 12-month warranty.,Local appliance repair for major brands. Fast scheduling and upfront pricing.,Get washer repair from a local Indiana appliance repair team.
SEARCH | Zionsville IN | Appliance Repair,Dryer Repair,Responsive search ad,https://alex-repair.com/zionsville/dryer-repair-services.html,zionsville,dryer-repair,Dryer Repair Zionsville,Same-Day Dryer Repair,Call (463) 248-8429,Service Call $89,Waived With Repair,12-Month Warranty,Book Online Today,Fast Local Technicians,Zionsville IN Service,Major Brands Serviced,Schedule Repair Today,Dryer Repair Near Me,"Same-day dryer repair in Zionsville, IN. Call or book online today.",Service call is $89 and waived with completed repair. 12-month warranty.,Local appliance repair for major brands. Fast scheduling and upfront pricing.,Get dryer repair from a local Indiana appliance repair team.
SEARCH | Zionsville IN | Appliance Repair,Dishwasher Repair,Responsive search ad,https://alex-repair.com/zionsville/dishwasher-repair-services.html,zionsville,dishwasher-repair,Dishwasher Repair Zionsville,Same-Day Dishwasher Repair,Call (463) 248-8429,Service Call $89,Waived With Repair,12-Month Warranty,Book Online Today,Fast Local Technicians,Zionsville IN Service,Major Brands Serviced,Schedule Repair Today,Dishwasher Repair Near Me,"Same-day dishwasher repair in Zionsville, IN. Call or book online today.",Service call is $89 and waived with completed repair. 12-month warranty.,Local appliance repair for major brands. Fast scheduling and upfront pricing.,Get dishwasher repair from a local Indiana appliance repair team.
SEARCH | Zionsville IN | Appliance Repair,Stove Oven Repair,Responsive search ad,https://alex-repair.com/zionsville/stove-repair-services.html,zionsville,stove-repair,Stove Oven Repair Zionsville,Same-Day Stove Oven Repair,Call (463) 248-8429,Service Call $89,Waived With Repair,12-Month Warranty,Book Online Today,Fast Local Technicians,Zionsville IN Service,Major Brands Serviced,Schedule Repair Today,Stove Oven Repair Near Me,"Same-day stove oven repair in Zionsville, IN. Call or book online today.",Service call is $89 and waived with completed repair. 12-month warranty.,Local appliance repair for major brands. Fast scheduling and upfront pricing.,Get stove oven repair from a local Indiana appliance repair team.
SEARCH | Zionsville IN | Appliance Repair,Cooktop Repair,Responsive search ad,https://alex-repair.com/zionsville/cooktop-repair-services.html,zionsville,cooktop-repair,Cooktop Repair Zionsville,Same-Day Cooktop Repair,Call (463) 248-8429,Service Call $89,Waived With Repair,12-Month Warranty,Book Online Today,Fast Local Technicians,Zionsville IN Service,Major Brands Serviced,Schedule Repair Today,Cooktop Repair Near Me,"Same-day cooktop repair in Zionsville, IN. Call or book online today.",Service call is $89 and waived with completed repair. 12-month warranty.,Local appliance repair for major brands. Fast scheduling and upfront pricing.,Get cooktop repair from a local Indiana appliance repair team.
SEARCH | Zionsville IN | Appliance Repair,Microwave Repair,Responsive search ad,https://alex-repair.com/zionsville/microwave-repair-services.html,zionsville,microwave-repair,Microwave Repair Zionsville,Same-Day Microwave Repair,Call (463) 248-8429,Service Call $89,Waived With Repair,12-Month Warranty,Book Online Today,Fast Local Technicians,Zionsville IN Service,Major Brands Serviced,Schedule Repair Today,Microwave Repair Near Me,"Same-day microwave repair in Zionsville, IN. Call or book online today.",Service call is $89 and waived with completed repair. 12-month warranty.,Local appliance repair for major brands. Fast scheduling and upfront pricing.,Get microwave repair from a local Indiana appliance repair team.
SEARCH | Zionsville IN | Appliance Repair,Freezer Repair,Responsive search ad,https://alex-repair.com/zionsville/freezer-repair-services.html,zionsville,freezer-repair,Freezer Repair Zionsville,Same-Day Freezer Repair,Call (463) 248-8429,Service Call $89,Waived With Repair,12-Month Warranty,Book Online Today,Fast Local Technicians,Zionsville IN Service,Major Brands Serviced,Schedule Repair Today,Freezer Repair Near Me,"Same-day freezer repair in Zionsville, IN. Call or book online today.",Service call is $89 and waived with completed repair. 12-month warranty.,Local appliance repair for major brands. Fast scheduling and upfront pricing.,Get freezer repair from a local Indiana appliance repair team.
SEARCH | McCordsville IN | Appliance Repair,Appliance Repair,Responsive search ad,https://alex-repair.com/mccordsville.html,mccordsville,appliance-repair,McCordsville Appliance Repair,Same-Day Appliance Repair,Call (463) 248-8429,Service Call $89,Waived With Repair,12-Month Warranty,Book Online Today,Fast Local Technicians,McCordsville IN Service,Major Brands Serviced,Schedule Repair Today,Appliance Repair Near Me,"Same-day appliance repair in McCordsville, IN. Call or book online today.",Service call is $89 and waived with completed repair. 12-month warranty.,Local appliance repair for major brands. Fast scheduling and upfront pricing.,"Washer, dryer, dishwasher, fridge, stove, oven, microwave and freezer repair."
SEARCH | McCordsville IN | Appliance Repair,Refrigerator Repair,Responsive search ad,https://alex-repair.com/mccordsville/refrigerator-repair-services.html,mccordsville,refrigerator-repair,Fridge Repair McCordsville,Same-Day Refrigerator Repair,Call (463) 248-8429,Service Call $89,Waived With Repair,12-Month Warranty,Book Online Today,Fast Local Technicians,McCordsville IN Service,Major Brands Serviced,Schedule Repair Today,Refrigerator Repair Near Me,"Same-day refrigerator repair in McCordsville, IN. Call or book online today.",Service call is $89 and waived with completed repair. 12-month warranty.,Local appliance repair for major brands. Fast scheduling and upfront pricing.,Get refrigerator repair from a local Indiana appliance repair team.
SEARCH | McCordsville IN | Appliance Repair,Washer Repair,Responsive search ad,https://alex-repair.com/mccordsville/washer-repair-services.html,mccordsville,washer-repair,Washer Repair McCordsville,Same-Day Washer Repair,Call (463) 248-8429,Service Call $89,Waived With Repair,12-Month Warranty,Book Online Today,Fast Local Technicians,McCordsville IN Service,Major Brands Serviced,Schedule Repair Today,Washer Repair Near Me,"Same-day washer repair in McCordsville, IN. Call or book online today.",Service call is $89 and waived with completed repair. 12-month warranty.,Local appliance repair for major brands. Fast scheduling and upfront pricing.,Get washer repair from a local Indiana appliance repair team.
SEARCH | McCordsville IN | Appliance Repair,Dryer Repair,Responsive search ad,https://alex-repair.com/mccordsville/dryer-repair-services.html,mccordsville,dryer-repair,Dryer Repair McCordsville,Same-Day Dryer Repair,Call (463) 248-8429,Service Call $89,Waived With Repair,12-Month Warranty,Book Online Today,Fast Local Technicians,McCordsville IN Service,Major Brands Serviced,Schedule Repair Today,Dryer Repair Near Me,"Same-day dryer repair in McCordsville, IN. Call or book online today.",Service call is $89 and waived with completed repair. 12-month warranty.,Local appliance repair for major brands. Fast scheduling and upfront pricing.,Get dryer repair from a local Indiana appliance repair team.
SEARCH | McCordsville IN | Appliance Repair,Dishwasher Repair,Responsive search ad,https://alex-repair.com/mccordsville/dishwasher-repair-services.html,mccordsville,dishwasher-repair,Dishwasher Repair McCordsville,Same-Day Dishwasher Repair,Call (463) 248-8429,Service Call $89,Waived With Repair,12-Month Warranty,Book Online Today,Fast Local Technicians,McCordsville IN Service,Major Brands Serviced,Schedule Repair Today,Dishwasher Repair Near Me,"Same-day dishwasher repair in McCordsville, IN. Call or book online today.",Service call is $89 and waived with completed repair. 12-month warranty.,Local appliance repair for major brands. Fast scheduling and upfront pricing.,Get dishwasher repair from a local Indiana appliance repair team.
SEARCH | McCordsville IN | Appliance Repair,Stove Oven Repair,Responsive search ad,https://alex-repair.com/mccordsville/stove-repair-services.html,mccordsville,stove-repair,Stove Oven Repair McCordsville,Same-Day Stove Oven Repair,Call (463) 248-8429,Service Call $89,Waived With Repair,12-Month Warranty,Book Online Today,Fast Local Technicians,McCordsville IN Service,Major Brands Serviced,Schedule Repair Today,Stove Oven Repair Near Me,"Same-day stove oven repair in McCordsville, IN. Call or book online today.",Service call is $89 and waived with completed repair. 12-month warranty.,Local appliance repair for major brands. Fast scheduling and upfront pricing.,Get stove oven repair from a local Indiana appliance repair team.
SEARCH | McCordsville IN | Appliance Repair,Cooktop Repair,Responsive search ad,https://alex-repair.com/mccordsville/cooktop-repair-services.html,mccordsville,cooktop-repair,Cooktop Repair McCordsville,Same-Day Cooktop Repair,Call (463) 248-8429,Service Call $89,Waived With Repair,12-Month Warranty,Book Online Today,Fast Local Technicians,McCordsville IN Service,Major Brands Serviced,Schedule Repair Today,Cooktop Repair Near Me,"Same-day cooktop repair in McCordsville, IN. Call or book online today.",Service call is $89 and waived with completed repair. 12-month warranty.,Local appliance repair for major brands. Fast scheduling and upfront pricing.,Get cooktop repair from a local Indiana appliance repair team.
SEARCH | McCordsville IN | Appliance Repair,Microwave Repair,Responsive search ad,https://alex-repair.com/mccordsville/microwave-repair-services.html,mccordsville,microwave-repair,Microwave Repair McCordsville,Same-Day Microwave Repair,Call (463) 248-8429,Service Call $89,Waived With Repair,12-Month Warranty,Book Online Today,Fast Local Technicians,McCordsville IN Service,Major Brands Serviced,Schedule Repair Today,Microwave Repair Near Me,"Same-day microwave repair in McCordsville, IN. Call or book online today.",Service call is $89 and waived with completed repair. 12-month warranty.,Local appliance repair for major brands. Fast scheduling and upfront pricing.,Get microwave repair from a local Indiana appliance repair team.
SEARCH | McCordsville IN | Appliance Repair,Freezer Repair,Responsive search ad,https://alex-repair.com/mccordsville/freezer-repair-services.html,mccordsville,freezer-repair,Freezer Repair McCordsville,Same-Day Freezer Repair,Call (463) 248-8429,Service Call $89,Waived With Repair,12-Month Warranty,Book Online Today,Fast Local Technicians,McCordsville IN Service,Major Brands Serviced,Schedule Repair Today,Freezer Repair Near Me,"Same-day freezer repair in McCordsville, IN. Call or book online today.",Service call is $89 and waived with completed repair. 12-month warranty.,Local appliance repair for major brands. Fast scheduling and upfront pricing.,Get freezer repair from a local Indiana appliance repair team.
